key,source,target
/47B36CF84360EA3A5407DF9E382C049D, *,
/97025881466850F1CC32328AB7371769, *,
/55E7321840CC9A845E65669F4696D2B9,!,
/850A163B47DC83F48CD825AFE82AB044,!DOB,
/91E77D2F401579CF1730359CFC01BC0E,!EDB: NENABĚHLA,
/AF091CB44433FF489A4FDFB9AF12347F,!SGC,
/117C6C734F0CE78C260584B6986E4CE7,%,
/3E6EB1BE4512A8B16987DE98B05F6AFF,*,
/CB15BBD94701770C3FA8AEB781D256E4,*,
/FC6E2A06429DA0AC82C88C80AFEFA37A,*,
/[8976C58B4673634697066DB1261CB938],*,
/B48E0A9E4FF196B30AE6EFAE8B23E0D2,* ,
/D67036D14A00FF8BADA5EC9732226F68,* ,
/1FE8FEDE470DF2D348A012B35AAFB4C4,**,
/3028F9D94DCEE403D678D8AC4F328283,**,
/803922314FD71E740A3D1B8E00DF7363,+5 km/h,
/D17FFCAC4E56EDAFDC570BA54CF62355,-100,
/694CA0604D1B2C82F8986E8E88E852F7,-5 km/h,
/8322787A4CA6710D9E3A5DAE0D9A0BDA,-50,
/27805DD34A632341161175B00F248C3F,0,
/3A8F74B2483AC03D5CA6DFB37BDB8C38,0,
/8955F0F1455508D2B3C65087B02E5587,0,
/92E0C244413436C401A435894C053EBC,0,
/9A9B9DD442C0F230D4327393B4863F98,0,
/C9C68D444F2C10E18AF1A9819128F795,0,
/EA7E43D243C9EBBA2971F88AA4D1AC28,0,
/21C6BC3D4BFBD8B8E4A95CAF06E57BE6,1,
/429F2B6C444CCCFAC54099AF7C42ECF7,1,
/4EDDC4CA4ACDE155F104D38B0C9DAECF,1,
/82A02DD24457E139567F018B4B3C4BF2,1,
/CFE6E780472277E6514593977E2720E3,1,
/E28EF5734CD3F178ECB4DD8693FC5369,1,
/EE3170A8482D184B85E483AA5EB13E8B,1,
/4C0F49E746155730DBB0DD806AAD9186,1 (Master),
/51F335E34F28B212F8D90FAF979F6833,1 (Master),
/B05A03B543A8E3FE27004C8C875B51F2,1 (Slave),
/E669423649473B6A119B0CB03DD49BC4,1 (Slave),
/E5CDC93440699A0DBA0B898D6F3C04A3,1. strojvedoucí,
/EFEC8F4A4537BB3914AE12AD940AE1EC,100,
/FF09C0F9405D362E9FC71F82E6E9721A,100,
/A193C4224F1813A4885447835A4940BF,110,
/AF0F063D4F7AB7E1B9FDA58529B80561,120,
/03C8FDA041393D9A458135A14E138EB6,130,
/83E443874E3A557EC451E39F316D942C,140,
/6C05DFAC47809B4232E61397B1F552B5,150,
/0CB111DE4F1C25B38D2741AAB280C2B3,160,
/03C5D1D847AC30CC2FDFAEB7D999F969,2,
/1784EC3F4E496B83EE1FB0B44522F2A7,2,
/19F897014679E473EA200A91697AA733,2,
/6A34FE35423771CD41019E8B25E89553,2,
/BA6DFBC64BA056119273CDA371B44C7A,2,
/078D9C7F49260AEC033F7C8800BA7C52,2 (Master),
/5281D74F4D5C3981BF6A508F9A32463C,2 (Master),
/32B28DB546B0176DC2E68FB8D6489033,2 (Slave),
/C56F9CEB45D16E6B93D4D1979402C6B0,2 (Slave),
/99AD786942A0135FE4EC67886E0CA581,2. strojvedoucí,
/EE3833A744B31E55F4E9498BBD8E10FD,21 C,
/23C6B1264002CFA160DD2E8FDB73CC84,220V Charger,
/BD949B5A40946FBF7F3F05900CA32FEF,23 C,
/31C0877B408342E0770836A1BF7090D6,3,
/3857E3494C1C0B598E91D2A022FFAB08,3,
/389F914E4C22079AE32C80982D975854,3,
/39F68EE742874AF81361E0ACFD35FA00,3. strojvedoucí,
/9A480BC8487BE0E1FF04BDB592157608,30,
/74E56CB44871488D56EB369885BE3198,4,
/9A171B7340D9F208AF03BDA8613E700A,4,
/EEA2E84947422C1CBED8C6A154050EF9,4,
/7C5E91DF47EADE6DBA1207A6AE76E1DD,40,
/2B9C13C64AC7747B2173D5BE37800C9C,5,
/4FFECE144362D611D3974393EA9662A0,5,
/7095AFF44C1F81FE4B39A0B10449A9DC,5,
/AE8E127744B55364E6C3E0BD06AAA846,5,
/18FFA16444CA7A930E437785202460FB,5.4 bar,
/52977F8E41BE84BCC40A91BCA64C876C,5.4 bar,
/367500CE4431B39F3A7FF59809FA9390,50,
/FBDBC83D42BDBE944276AC8829AC023C,50,
/0A9E3DB145E1D4D13BCF3F8A482304B5,6,
/3CD76B67455D94E88C1CBE9B29AA877A,6,
/D28734CA462494FA11D7939EDB2B8971,6,
/1DA52E0440033056B4F4A4A1FF796A47,60,
/3A4174FD4D7459A4029716962A2FC6B2,7,
/A7D807004C10DB5A4D8E4BA021DCE3FC,7,
/DE70B2054172FF2A2F45B69831DAB457,7,
/CA3E3F1B4278C1A4E8497EBB1BADFFEC,70,
/52D8804641E52BAC8EE2088E39217C26,8,
/BD2C04C9469AD64953FF66B5891F5F5B,8,
/F5ABCA01478B0DF9AD14519245F28024,8,
/B46BD8BD43FE1002C88244BB35BAA700,80,
/105E8A134388ED4444E4F4BFFCF1B727,9,
/9C9E719D462A2BA1BE15E9ACDD3AA55C,9,
/BFF0B2A642EDC9BF2BCC66A650403A0A,9,
/E4EC3C1B40191D97B6F5ACBA066D905C,90,
/60F9C1C34A542A5DF57C04921E40C09F,A,
/C04A5B094FF5A3D98D0D079FB5145172,A short circuit has happened on one of the bogies. Identify which one it is by cancelling neutrals for first and second engine and use only the working engine.,
/91EB615F4F9A55E10B01AF85813AC4EA,Air conditioning,
/F056EC4E4F4367F6D954CBB5B84E7F53,Air conditioning mode,
/2EE631C5498F765352B08F8465A16EF8,Air reservoir cleanup,
/1D67B2754C418C781266E8B183F69720,Aktuální nastavení (vlak : stanice),
/181CA7A54FE9D1AD6CEE29B1E0370D5D,All engines are in neutral. Press Start Engine button to cancel neutral.,
/E0C8D7014944687759DF5A8E30C1E89D,All white,
/B6A46EEA44AD64FC0D566EA50443B05B,Analog Regulator,
/FDD769834477811ED89ECEB5AE2A717C,Anti Slip System,
/13FBE88244F588028D552B94640864FF,Aut. 1,
/14CD94F842DD056D617338843845A0B1,Aut. 2,
/680340D9434AFCBD6243C7BBCE448135,Automatic,
/BE4FC4484857B580C723E7876BD3F74A,Automatic,
/3C79235D45AEBD156C042D9019D74BD5,Automatic (Winter),
/4125674649AE527BA0726F9F879B7CDA,Automatic (Winter),
/12674D504703FA1958F74DA45CFF2100,Automatic Speed Control,
/FED7A7FC418FE76E7A8C1AA979BE467E,Automatic Speed Control,
/C98C8BCC42E0752A71FD618E519C4800,Automatic speed control has target speed 0 km/h.,
/65019C82443DF7D384C49CAE1853D2A9,B,
/45E239714B8BA10A04C15385C072A65F,B1 (Apply),
/514A764E47EA4C8755536095511248B1,B2 (Applied),
/EBF5C06548F7666E6DF39CB2DFA7CF60,BE,
/1E4AED074B367CF022FF04BC1113AFA3,BP,
/ED154FAE465E4BE9E8C6FAAC5A375F73,BP,
/A19ADA5446FD230D5A9760B3A66C78AA,BSE B - Brake,
/197F9E224C274EFBCC9D2AA1B5E811F1,BSE O - Release,
/EDC3168C4296DCE8B7F1D1829C406982,BSE P - Overcharge,
/2688172B47959F7362B9F8A4C22CCCE3,BSE R - Emergency Brake,
/7BE3F02943DC30F38F3521A6E90490EC,BSE S - Quick Release,
/A94312D04DC467B8ED5A169B28D745AC,BSE Z - Brake Cutout,
/22E0AA9943C68EB5B7AE05AEEDABF2C6,BSE door,
/313638794B8EC00DF40602A2862FC2D9,BSE door,
/4A874C034E010282657E47B1A154F708,BSE door,
/4442F5E84ED7FAEC22075E8522A0F5FC,BSE valve in,
/1D59C23C4076E57D2177A997AFEC6592,BSE valve out,
/8CD010A740BBE59B0D555CAE41DD0DDD,Backward,
/1CB591E341AE551A66BB64BAD322CA6E,Battery Handle,
/E48473E347E616CB20601F97D257A96A,Battery Handle Cover,
/47CB64824B8FF0DBC88FE89445392D10,Battery drive,
/44C1C67D4A9F3745E058279DD37F229B,Battery power must be turned on before attempting to start this train.,
/691B14E14094E906266CD79AA3DDED80,Blind,
/8A45CA754F2DA70E054A41B449016E8F,Blind,
/CFA1A26345EC0466B12EF7AB037D5A7F,Blind,
/F0E87C0941771ED3A2C8E7B5ADC8426D,Blind,
/FBA385C24E3008B84B6559A48564F0D4,Bo,
/9877521B47AB39D0B987ADA9BF6D46F1,BoBo,
/1453246543DFB7023BBFDA8205C4FC1C,Bogie Selector,
/7851021A4CB50C47F44EE09B1972EAE4,Brake Cutout,
/89CFED9A4047334880F53BB7EFFDDAF7,Brake Cutout,
/526AC2154F588ADDF73DD8887A5522FC,Brake Overcharge,
/8FBF55F444B4C8F897DB57A84533FD38,Brake Overcharge,
/66B737244B6F53A5EC3709B8751DC213,Brake Quick Release,
/EF1FBE1146DF23E9192EB6B7EF2F34E6,Brake Quick Release,
/08CAF0AC4E9CE743C810138CCF88D0C9,Brakes Control Voltage,
/CE1A26FA414C3BC9F9BB3B830B974F62,Breaker,
/41D69C1F419BBF616C0957B64F575B5F,Breakers,
/8F5168E84F474CD502E237996F70940E,Brightness,
/F1C86C364415D7D6414BB0A4B3B723F2,Brightness,
/54F24FBD4FBC214E108EE3BFCB582765,Brightness Decrease,
/5129C88A4656B3B6282597B955FEF3FF,Brightness Increase,
/A011727C4A36AF12636695B4B39BF290,Bílá Třemešná,
/34A4AB704ED49272349025823778F2E3,C,
/3FC66297460C05085D1FA995F5F8A3BE,C,
/BE33CE564037B7B4B1B213865680F36F,C,
/B82C5B6A474C5E68CACB9CA6303F2DD3,C / K,
/149566774F419EE73F5B9E95708F8E41,CD 843,
/434E57034CFB371D3B4CAE91EBAC36EA,CD 843,
/B6D0BE584B9C1974C97DE0813A9E593F,CD 843,
/7B7A73E744475A1C38A68EA2DB3D3EA5,CD 843 N1,
/211AEAE84B7F77C7412D95B0541EDB00,CD 843 N1 LED,
/48B3391E482D9531A5F3BB902E748BF6,CD 843 N2,
/3946DEBA42F2EFBD2D8B38BFAB7A81E3,CD 843 Red,
/CF5377D0430326340896B9B4378CBB9C,CD 843 Red LED,
/5D1F889642AE2357A3365A9E51934FFA,CHYBNÁ MANIPULACE,
/67AE269C45CD96A55934C79C4C67E118,Cab Door,
/37D9035C43D6778C6DA8CAB112C69D5A,Cab Light,
/B4A617A743585C6ED3610C92019C40AF,Cab Light,
/3E7689A54F10E67078DC7D85B5B8EBB8,Central,
/E549AB8B455AEBC52E227488A5056E01,Central,
/8D2711874EA515114079AFAAFA40D59A,Charging,
/B09C7BE042E6DF43AD6686AE43170470,Clean Intake Grid,
/1DBF4FBA45CD0096209A1D8691A51F73,Clean Snow From The Intake,
/3831D2374369398500BC198C74A6CD63,Climb Under,
/3F1F1FFE41ADCE3FDDE8AF869200CA0A,Climb Under,
/5A94D17E43BCBDD12686E19A3E4D08A9,Climb Under,
/7A23810C4F0344BB595FAD9719834B5F,Climb Under,
/94CDDD83436B8B9EBB3F7DAE7188C1E1,Climb Under,
/CC1E031143D645A88C8BA1AF3C5261C9,Climb Under,
/F2F0C97D47F7A799CC0875B60A82254B,Climb Under,
/FD1D825F481A8D0274DA0085E73429CB,Climb Under,
/059CE29B4A6229432E831CAEFB59032D,Climb up,
/2CEA0684485F0E14CAE90C979247E622,Close All Doors,
/FADD328B477DA7DBAB254BAD873FDE15,Close All Doors,
/1D2AB3EA46140D28ADD56DB5A7B34680,Closed,
/7D4F311C40867B950504E4846880D880,Closed,
/7E4183D5491145BD0DC22EB73CA36A78,Closed,
/8C4858854F4E6A875B0BD9920EBA7916,Closed,
/936F10DD45325B4F0C4F778439B0BA10,Closed,
/B9D0AD174F25F1FB344F6FA750D12209,Closed,
/D18453074E67DB0AF11CB8A4D52A1AEA,Closed,
/787C389E47B74FA8D62E7BA3FF929549,Closed ,
/CC00841F49F2766FD4F869B19F7BA393,Closed ,
/1490F4154BA89CC934B0069B0483CE18,Coach Lights Half,
/42728D7B45C244F12C61E4B9329F8C17,Coach Lights Off,
/A87CD4D54FC8AEB7E23D6C99B0A4C080,Coach Lights On,
/022285D741FDC0F6E096DD90C0DE97A8,Complementary Brake - Brake,
/EEEEDCC247C32DC63ED363AA65788A28,Complementary Brake - Release,
/A132488E46482C77E96A56B5B63CA97B,Confirm Active Failure,
/EF3588D248ABD0C57E9A1C91129D8676,Confirm Active Failure,
/1210C6984006897791A551A2D50729C1,Confirm active failure,
/DB65423743A23C02654F2FA9C6F9AAF2,Confirm stop on request,
/B8996AAB499F8754D77437996583CA8A,Contact Dispatcher,
/5726D3924EA78570E064398B21F8C45B,Contrast,
/CA74CC27485B5A660410D1A7DA9BEFB0,Contrast,
/8AB3BF6A4EB648564759BAB754C5FB3E,Control Circuits 1,
/FEE8F229483AEF110BD701AA11C56DE3,Control Circuits 2,
/C17319F8458F23526D4EAF89C0BEA5FB,Control valve to back bogie,
/253183D94212E43DEF9DE796C348B5A0,Control valve to complementary brake,
/FAB930DC4E78C99CE89683B833F1A93B,Control valve to direct brake,
/2A5997744D0260A5E07AB69D9F03B018,Control valve to front bogie,
/1975C9C74C9AB7E91F4BE1B6B03BE7BD,Control valve to parking brake,
/8713F1124B9276EE36779791058B8167,"Cooker, Water Boiler",
/BCBE8AD14C265E7F84AECF99E48E2322,Coupler,
/073327CB4BAAFAEB6C010EA2A3782699,Cut-in,
/90AE4FF14929E9D315BD25AC9BBCBF62,Cut-out,
/7029F7D94F41D4504BD7E197A2515587,D,
/D0D71BB64E9431D9E8DB6380E3D100D1,D / S,
/4BD91402470BD4680CA83A858C3F9008,DNZ,
/87D4FE5D4A0EBAED476411B668557335,DNZv,
/5921BEE0493B53510561F4B91A247FE6,DVEŘE NEZAJIŠTĚNY,
/B5C8333D4875EE3274D9BB86EC9CE94B,"DVEŘE TRAKČNÍHO ROZVADĚČE, stop !",
/287FCC69411ED69FD4B7AE9CBA54695C,DVEŘE VLAKU NEZAJIŠTĚNY,
/04F415EA47957110579BB6BE6113113C,Decrease brightness,
/681DED024592A7762719389CFDAE635A,Desk lamp,
/313D97994C3FD6C671004DBB0A62B1C0,Desk lamp intensity,
/17F504244ED46A6AE5801AB79C762D1E,Diesel Electric Passenger Coach,
/183CDDF840CE9C756992EB8E4231FD9B,Diesel Electric Passenger Coach,
/1CBCFA714D4BAA0AD24770A5F910A184,Diesel Electric Passenger Coach,
/98921601493EF99AB30A82A19D83EB6B,Diesel Electric Passenger Coach,
/B773975648E9350C340438BBB7E3400E,Diesel Electric Passenger Coach,
/E98EE30D4E49956A6DDB39BC289DC5F0,Diesel Electric Passenger Coach,
/583B1D6545D0976959DFE6AF7FC75341,Diode Test,
/AD0DA4C44429F8FC1B27F48E9DF0FA8A,Diode test,
/F80276124CD99E6364CDBCA3D597BB47,Direct Brake,
/3B02A8C246F3372A2CF472BB3891D3AE,Direct Brake - Brake,
/21AC0A354F9527A58F28BF8AACA69F5A,Direct Brake - Release,
/5435299E4CFF706519616AB67F4F242A,Distributor Cutoff Valve,
/E58D2E9C4694C7A3D0ED4898EF84F53C,Distributor Release Valve,
/E487A1D4403544750FFD1DBADC44F59C,Door Open/Close,
/0DA78B5944E2A1F812A27DB1A213ECAB,Doors,
/11203FFB4B562D9151D8EFA0F52217B5,Doors,
/145FA2684123D2FE18764586178A4AB6,Doors,
/4BB0D2674A3280B3668C83B625C535C3,Doors,
/77654BAA416ED9071168A3B5494CF24C,Doors,
/7978BD6E488F734B500A5AA41B46C57D,Doors,
/1345D67E47FA3A7CEB69408A5DF8F1C3,Doors Control Switch,
/9161370A468E288073A7A5B845265CF5,Doors Control Switch,
/8C8B0EC049FA867E33A87C81C6C82149,Down,
/C7C3DB874AEFE50A51FB7EAA683FE52C,Down,
/F14CAEEE4F7E9B17C03374BF1149281F,Driven 8.43 Kilometers! ,
/6AE65DD54D17EDE55A7DCA84C5889B0F,Driven 84.3 Kilometers! ,
/63D64F414DA4896ACAE2448CCECF4A64,Driver Assist,
/BDD13296494C9B6911B879A7E033F7C7,Driver Assist,
/CD9E3AF443491CA7BC226984996EF49E,Driver Assist,
/F46C908A4E21797EABE014AE335FD24C,Driver Assist,
/CCDD84E448BF7EA244809C9C8888F6DF,Driver Desk,
/6AFFC3424CB4645F3A725F8A485CB53E,Driver Standing,
/066CEC58451546ADF730808AB0A5388C,"Driver's Seat",
/71666D59494F8987BA68C18F7AE8A0E7,Dvůr Králové n. L.,
/3EA7C491412B06B57D88418E2BE0B416,Dvůr Králové n.L.,
/07D2DE744DAE9251081C409E76CD3698,EPV,
/1A42E28D4B8DEE16D4A5278A179401A5,EQ,
/7392B69C49FA45DC6F3FF28BB2B70DAD,Electric,
/EFD43D5A4138FF860D0E9BBADEE108D5,Electric,
/764AA1BE433808348CC152AC4063D549,Electric Compartment Lighting,
/E84514F04E7BF3C2905E0F96523943D6,Electro Pneumatic Valves,
/7750FA324EAE787A624FE9A320188D56,Electrodynamic Brake,
/DCB1AC44481371A1D72B73A133B31811,Electrodynamic Brake,
/FB5856ED47AA633A1617F794B8F42EBA,Electrodynamic Brake,
/245810AB4F9507FC03C60FBB9479F16E,Emergency Brake,
/AE2CDAC84E6044D907A0BE9E5695F2E6,Emergency Brake Lever,
/B9D481684AB19D216769898A87905D1F,Emergency Brake Lever,
/D1F3821A41D94FA74B0A84847D43EAEC,Emergency Lights,
/EBEAF0754112E1B0B3F7258CC5E3B342,Emergency Lights,
/16F5CF1A4602603B634A8D882FDF4474,Emergency regulation,
/ACE8CEA4454A179C2740BD845965E2A7,Emergency ventilation,
/4B4019A04B50C67F45E485810B61D597,End Of Train Device,
/5B7635AF4A12FBB716F89198DADA6D0A,Engine Control Selection,
/AF36718249E24A71EE85E9800C8B5E0A,Engine Control Selection,
/09C92C0E4EB9D1CD5116C59D63489E9D,Engine Cooling,
/4B5402B44984FD2EE301B48F7105DCD5,Engine Emergency Stop,
/E0B77BCD4C462F8466AC4C8247286993,Engine Emergency Stop,
/7A7520874D9A65D85550B08BBE486D6C,Engine Only,
/BAAFC9134C1917DFDF5C4AAA1EE0FE08,Engine Only,
/86CE9A9348689C89B555AC87F674DAA8,Engine Start,
/C5F9CFA84AFC6BB312E870945FFEF0B1,Engine Start,
/28273CD444F9DCA6E705F58F11516145,Engine Stop,
/C3141A7B401BAFD2E3BABAAC0F6A81B8,Engine Stop,
/5A7C280F4DA8754594F318ADC2EE4017,Engine tempering,
/1433C9924151132462B11DBD3708BED6,Enter,
/8B8DF6204DDA35490C3DFB92921E91B0,Enter,
/7F6D46A54BF1915DCAE184845A3FF102,"Error: Could not find PageName: ""Load Page {Page}""",
/54D31BD14F3D86F5F02CEE856B8C12BF,Extend,
/A0466D6C493FC124533CBB8B5341945C,F1,
/BE5595C84BBBFBFBD549F7A235F157EB,F1,
/AE38A76540C3CAC2B86B3CA76BC75F7D,F2,
/D056E50A40DA1132231457A490ACD824,F2,
/37DDC0044CDA0CB43CA680BE14997A25,F3,
/E394E84A4C10544C7358F39097EE1E88,F3,
/DF485227489941970482189F6D4ABBB8,F4,
/FE75984949C2E1A7226B7C92E85F8CA6,F4,
/201D08B743AB1F9BD2FE97A88B54D407,F5,
/C65BE59849935BAF95AA1194557CF1A5,F5,
/C98B2F144F77368DAB814A9135B37D89,F6,
/7805A4DF4DA19C61F2F3FB843CA22DDB,FA103,
/9A2927A64ABC89DA14055CA9F6098A00,FA104,
/677F3FF64AF834B1E51D2194DEB6BD93,FA171,
/546232EC4DEE2E9E957C7FAE45F103A3,FA172,
/5FE87F114CA76B5CBF83E9AE3C1481FC,FA20,
/A8911BF343AB9C0CC4F5939D506DCE55,FA203,
/CD5E5F7A4C4C898C9D348291E4CC11B8,FA204,
/32EA95CD458C8B7CDDF76E990A4D1A83,FA21,
/C439784448D82AB71717BC941352F1CB,FA24,
/B7CCC61C45236E9BA87527B750E067FC,FA25,
/24DD1BD642FC631629D322A066848985,FA26,
/A4025A7C486EBA37F63430A582A81718,FA271,
/B93B4AF44B24CF7436F8E3B846972FDC,FA272,
/14D6DBB1483F33E6857886AAB4D67161,FA30,
/3DC8C5264D55BCFD1C9AF98EEBD8C314,Fan,
/27E3849D48BC987505EE1ABD3934E5CE,Fire Extinguishing Systems,
/A79C929246B1C0C39465FD806FC59643,Forward,
/F815A6CE48660EB5AB056B93DA176FE8,"Fridge, Emergency Lights",
/A2FD5F754ECFA9E61D86E3BB4C17E77C,Front Headlights Bright,
/D1554D0543924127FAAAA988E75237D8,Front Headlights Bright,
/DA51CA694A7F232983209CA8D40A587F,Front Headlights Bright,
/0338687945EEED8306D3EDB5CCE8DF06,Front Lights Off,
/BF3D88BD41BA94BF8272D294466E5B72,Front Lights Off,
/C82DE8F240647BEB331D858A3E0F3F45,Front Lights Off,
/80EAA1AE4F02152981D1EFAC4B3E954B,Front Signal Lights,
/C57AF3EA4A6C9F3781A7558F6B5F8EE5,Front Signal Lights,
/F60F206A4B34D9BBC67FA7B4905D08F1,Front Signal Lights,
/156C141A451E6A3286C8788C9E712E79,Fuel Cap,
/5B05897742F4B7FFDA4DC4A126E381B4,Fuel Cap,
/D976BE804E54922BD5AB2D88B9B31536,Full,
/F132BDD94594A8CF8230A5B7D7BAFE5D,Full,
/FCC2E6494B4F9E40AE2781810B385FC1,GSM-R CZ,
/1E0E7D9444627AA73E005CBEAA2C2756,Gangway,
/230304FE4D78B20EDB52BFA61F00AE5F,Gangway,
/3A49B3314116056E93C90E9986D50B9F,Gangway Bar,
/43C56CF44376C93963E8308391F69C4D,Gangway Bar,
/4995337842A9043F28525993787E88C9,Gangway Bar,
/6476536F42BBADF5D97926AC3ED096F5,Gangway Bar,
/ACC770F742DCA82BF14D468338FD6198,Gangway Bar,
/B66E639F402F0849E85624B5BD6BA5C9,Gangway Bar,
/D0D74DB745765B2BDC21349BE64B5287,Gangway Bar,
/ECFBC79F4F5807E4D5B33D8E9B07DF0C,Gangway Bar,
/6BE23B684DDF731380FE3C93C433B602,Generator Field 1,
/83E9C50B4B982F3DEE875480AF76A7DC,Generator Field 2,
/55DE1B274E6EB90F66B5629C303E0EF5,Glass Heating,
/1D7B742646919383858E6582561357FB,H / Previous,
/141E81AF4385F8090FCA0AA57250A69D,HJP,
/457870DD483A818B5E107B818B6C06FF,HJP,
/6BC2E0DD4DDD200F1A7AC188438B0E1D,HV na vlak,
/1E4526E740BE1B5453290C805A623D13,HV od vlaku,
/43FA7D394EA115DFACF24AAFA6AA1BE8,Hand brake needs to be released before driving.,
/B7A6C2CC4C1AC8CC12EA0A857E179B28,Handbrake,
/400FB37F4C3A1C3DF8512F994D3B3246,Headlights,
/6CB5A9B8409D61CE1BD964B6A7DC4A7F,Headlights,
/9807F3D34DB95E1015C144814D28CA40,Headout Left,
/CF0ACC5645252D891278FD8782BC4D04,Headout Right,
/E5A360C645324C112DAC57B17C5D247E,Heating,
/99920AEA4FAED2F618A15E89AD3407D3,Heating off,
/F2F8177746A49DF280117FBCD31C778B,Heating on,
/C011E94E49A93F2A2E7B11A0BB74DC11,Heating switch,
/46AF436A4E4C72CF6E58A7AF44198E5B,Hodkovice n. M.,
/A85BBC8A45F3E7877DF31BAC48FA4842,Hold,
/06392D964F558D5F42DFA6B0ECB6F50C,Horn,
/2D9BBA4747ABC0CE2F5D9EBCDF9F169F,Horn,
/ACE51DD6403DAC744B0B3F9A0FEABCCF,Hradec Králové hl. n.,
/B37250244DFC4AC2A576FC960FFDA1A9,Hradec Králové hl.n.,
/440406D5400F34ABDBECCD80938B208E,I,
/BEF0CA834A7DC30123D62F9C64037B6D,IBJ1,
/C54B411B49F345570D7817B61BC888E5,IBJ2,
/DCC02C8E4CA8AD0EF0B031AC6744E946,ICO,
/86ABDF5F4AA38FF7AF3C959F4CEBEC98,IFV1,
/EE3F283F48F3F3B5AA62CEA062CF87F5,IFV2,
/7B85EE5D4CF476C7382FE792C1374832,IHV1,
/3D7D11554304B10BC84B74AD64D0AD6A,IHV2,
/498EE18446F61B3348A9A8AB7CC1C2CF,IKS,
/B4E411D94D119EC9A3EB848AF02A1DE4,IND1,
/22B3C59C48206BBFF6E325BEE4187377,IND2,
/B6950FA3454CE029A978BBB1EB154918,IOP1,
/44B885B94204A99C947A31A0E4A75E31,IPC2,
/F52096064B934D7BAEB5D98A9811FC94,IPE,
/F22CDB1A46A182F1523F0DB8343B499A,IPO2,
/2CE9A9754AFDDFDFFB1F2FABA247F07D,IPV,
/DDC944DD45F3FE75A85863A4F45E3239,Increase brightness,
/CD5CB76046CB55A271EC048B98967AC3,Input valve from main reservoir to BSE,
/5C2CE7B04D88615D9A67DB9B31DB99CF,Instrument Lights,
/B2FA4E234B550CC99D5D5CAA615A3B71,Instrument Lights,
/9074C61B4C193FF2721A4EAFFA344638,Instrument Lights Intensity,
/98EAD62F47720D74A80DEB8B47956310,Instrument Lights Intensity,
/35CB2533437FAFC81967EFAC6BC943DD,Isolated,
/287E9B9140D3FF89B71D919F339A8500,J,
/4F0551EB4679218DDDD1CF9AA7E74864,Jaroměř,
/5D784DC44E16ED1C11D3C48864E7DBD8,Jaroměř,
/506BC6A64DA3927B04EBD6BDB011D3B3,Jaroměř zastávka,
/DF1556494652FCF04E027990CBC8DA8C,Jaroměř zastávka,
/4C3ECB3A48FF79D3CAFCC6AFF5E80D2C,K,
/6F02AE6740007A7FB4A8A397EFED7F7F,KANÁL OBSAZEN,
/596D89A24422941A180B0A88AA921B42,KOL,
/FFFDAA6845363056681E28B8E5632A98,KOL m,
/CD65B7194EC9B094C6A428943E927B7F,"KOLIZE ŘÍZENÍ MÍSTNĚ, volnoběh !",
/074A95184EC02DA6B35FA787B7C63BEF,"KOLIZE ŘÍZENÍ VLAK, volnoběh !",
/76970D6D4B521882DE4EA09DB3D5D07F,KOREKCE OD TEPLOTY CHLADÍCÍ KAP.,
/45D7BE0542FFE5CA83D35A83140CD0B1,KVO1,
/BE467CEE467E2A50FD6059812E6AD0DF,KVO2,
/8E00E85541902FC941854E8DF1698143,KVZ1,
/FAA428DD408E4BD84D3A3F859B00F4CD,KVZ2,
/2FF581A549593542C6DDC79A89C63F28,Košťálov,
/CD7D40024CEA2E29F185EC87847E3E64,L / U,
/2B1C06344D288CD64243C3976D88FB9A,LB01,
/87D7BA7647C4F0E582250992F468A476,LB02,
/5873FAF241DCBCC6596EA9AE5F3EE326,LIAZ M 1.2C ML 640 D,
/5B5B3F464701BED1B3C31C97616D612D,LIAZ M 1.2C ML 640 D,
/89C7870546140959278842BB578B2751,LIAZ M 1.2C ML 640 D,
/B0D697924DFF85D22CDDA6B541C81F72,LIAZ M 1.2C ML 640 D,
/C27161F44A1B44C853AB4B8FADEB9226,LIAZ M 1.2C ML 640 D,
/D1C9D5834C565925672836A448F4B537,LIAZ M 1.2C ML 640 D,
/0F4797D848F7DEBBBD97E3A39B8DE98B,LS90,
/564748464D4AD5DEE9A0F78973FB7CBC,LS90 switch,
/C30B00B84DD3BFB7E17E2AA6E151DD62,Left,
/CEA96309472C3133A6B8D3969B80847D,Left,
/A595721E44FE4A7582FDC6B74EF9BC90,Liberec,
/DD48D9BC435864D1CABDA087DE8E88A0,Liberec,
/1C6D2D974EE51C67F0C79185B58C85DA,Liberec - Stará Paka,
/2210FC5645E029E4952D4588B12ECD23,Liberec - Stará Paka,
/3881790A4FEFBA290A0165B2487EA8B3,Liberec - Stará Paka,
/415EE444404BD7EF744F109862CDE9F4,Liberec - Stará Paka,
/A858634C49D1F5CFE4CD8B88D446509F,Liberec - Stará Paka,
/E899ACE64D2F1D53D0851CB599FC30F4,Liberec - Stará Paka,
/0389C0B040F6EB9E477E6E91F218F5A2,Lock All,
/AD64282E4AE8C8CDE0F73C973EED5E23,Lock All,
/C2AA050D45BDDE97F16E51958B9D7447,Lock All,
/EFD347AF42179E7F75C6078060600081,Lock All,
/E6C5EAAC4B54D54B2AEAD0988E42BD81,Locomotive Brake,
/EEE32A3B4246F6208F66DFB40712F0AF,MR,
/220E3CD54B01CBA15D8AD782CD7BB055,Malá Skála,
/5F9778E84F5C6901D2635E969181F46D,Malá Skála,
/AEB8FC7D4EEA0964504F93B7C1266B63,Manual,
/D58D1B344B519E8EEAAC1BB62C77B324,Manual,
/528B2E3140F39D951E799CA4AFD05747,Master,
/5F0428BF45F10B8230F08BA3563607BA,Master Activation,
/DF51D9F64E70E019F967DCB365C82716,Master Computer,
/2FD844A94613DF51FC2A73BC92821D21,Master Key,
/CBD541F443F55BCA6E5EB1A8A4EAACEA,Master Key,
/CAA13EFC4981AC2D5A2036910F41434E,Master key needs to be switched to active before starting engine.,
/7C3104B042121C92B5727EB179C4186F,Mirrors,
/79F8542A41B3804D6513CDB49169A8B7,Mirrors heating,
/1D13F9924444A148B4F85FAEDA67A38A,Moravskoslezská vagónka 1995-97,
/5D0086504CCAEFFD6DE42C95A8065A5A,Moravskoslezská vagónka 1995-97,
/9617B1AE4EC94C07E62E67BE471E5FCE,Moravskoslezská vagónka 1995-97,
/AEBFBD2A42F830695ADA0894DE055B60,Moravskoslezská vagónka 1995-97,
/C6252B9A4A46AC792C319D9726E099FA,Moravskoslezská vagónka 1995-97,
/E9A6A72B4BE28216FA146EA4F7429DAC,Moravskoslezská vagónka 1995-97,
/2AA9364240139C85132B7EA044AAF90C,Mostek,
/E518506642B930F2A985B48C9B687CA8,NADPROUD,
/9F91CF794004EB64B75A41885AB7A4FC,NEDOBÍJÍ BATERIE,
/0FF922364FB223EC2C1A4DA0C840730B,NENÍ NAVOLEN SMĚR,
/579F0B4A4DEFA5EF914FDAA819ADDC92,NENÍ NAVOLENA POŽAD. RYCHLOST,
/47A5360B4B7F467737C03A8F0AF62B38,NENÍ NOSNÁ,
/79891A0142163C465F0C9191B7FD00B1,NENÍ TLAK V HP,
/39EA0CE94198FBB487151391461D74FC,NENÍ ŽÁDNÝ UTRÁL,
/3531A8DF4D9A7BB1196CBE8D14C80856,NESEP. STYK. BUZENÍ,
/CA94EE1E4BAF063D602F0DAFAFEB03E3,NESPL. PODMÍN.-JÍZDA,
/07A2A13946031DF3066393B74C3A8C33,Neutral,
/3C77A78C453191FABB2FC685FC6A379A,NewEnumerator0,
/37B0124F40ED7F0A777D8B994868CC43,"NÍZKÁ HLADINA VODY/PODOTÁČKY, stop !",
/D7A91F2448B3FA236212FBB1CFA927D7,O / J,
/FEFD7EFE47655ACB5F9979AA3B30BFDD,O1 (Release),
/8DAA16E94C847F78CD9CE9A6417FE8E5,O2 (Released),
/1AEB47E74C4102E9F842F1B579F95233,Off,
/35DDCD3349577EB838C6488B9AE49605,Off,
/59A5C1164D420598FD3EFA8C4D6D9E6F,Off,
/8A7EE3904E6C367406483B84BC68F024,Off,
/9B19C24349D34CB1A61495AB88A83574,Off,
/A2EA8CBC47658FE682B313ABCA8E89FE,Off,
/A48B636D494D48F50952F2A567D121C0,Off,
/B293218A4028C08E9E81C2B5021A33F4,Off,
/D219F8034ED063625A0E94B09FFC753B,Off,
/D4308BC845015623AC6AD8A1298400D0,Off,
/11305E2C4626D701CA55708944A84226,On,
/3597A8964EA2072ECC928B99E39754EC,On,
/5045503844152E4A7EC86E9082696E2D,On,
/6D48AC074969D67275DC3DBB2825260C,On,
/7341110042BE1EC075C276A087F29842,On,
/7AAD383C48891000FB91DCB42A6D3E71,On,
/8522EC96444446DAAB1DE79FE1C635A9,On,
/9ABFEAF84C6E42532D60D1A6FA6A2635,On,
/74AE36434049F207F840349431A60B3D,One of the diesel engines fell into neutral. Identify which one and correct it by pressing the start button.,
/680BF5B24E1F11FCA6E231B75F9A552C,One of the diesel engines has stopped. Identify which one and start it again.,
/DDBDF9034CB050CB432F8D9E428CB7C5,"One or more traction engines have short circuit, You can use only the other working bogie.",
/0BEF5D2A44D2DE6889AA0499E7FB8126,One white,
/DFCB49D44409246115AA84885DFE0478,Only one engine can be used in BoBo mode.,
/08FFFF1648E7B73516226A88CF1402CB,Open,
/1045E8E5454DFB0E3A9902B4B8EC109C,Open,
/311D8DED46445EF697773BA303CADDC3,Open,
/54781F0D4F2B35CDF534BEBF39A7BEF7,Open,
/A061A10547BCA54CB9390F9AE5CB2F6A,Open,
/A6C0959342CCA22752C2139102D2026C,Open,
/B0ECA5C74483BD0B9E6EA7878F998485,Open,
/3F666F7148694BB216FBDF89C3995AE2,Opened,
/7CA1C1AA4D42259C2E1CECA036982D2E,Opened,
/8B11503446E047E099EF96AAC4B986D5,Opened,
/B35E76EB42BDC2A10DDB3CBCDB457335,Opened,
/C05579FF4A28BA87F62FF09726025A08,Opened,
/C86CB3E8418C616F0A56589789BAA1E7,Opened,
/D893FC8141CFF233550607BA146E75C6,Opened,
/F7C7768C400F7F3D1137CDBF7FBC0E9B,Opened,
/DFF1115E4F2410F5E3D0C8A13B6C0BCB,Output valve from BSE to brake pipe,
/E5D9FB1446A4F97EB2C863AB8520F14F,P,
/768AD1EE4955594440F5A98F490775C2,PO31,
/64FC3F1348A1CEB2DF6C678684313125,PO32,
/E0E5AE1D470ED07C9C8A4493A7AEEAD8,PORUCHA IZOLACE,
/C7FF59194326E4BFA3695C921AD8618D,PORUCHA VYPRUŽENÍ,
/FCA5CA6F4D0E9A22D01BE99F9932AC1D,"PORUCHA ŘÍZENÝ VŮZ, stop !",
/5D4A3C62430DAA152E52BBB60B9B31EE,"PORUCHA ŘÍZENÝ VŮZ, volnoběh !",
/07D415EA4E6220E6923168ABA27D60E4,POŽAD. TRAKCE>800A,
/6131C12443E363E9D22B68A4BD06A169,Pardubice hl. n.,
/9863031E43D2F23ED8E5669BD22039A8,Pardubice hl.n.,
/0E97F2AA47968DBCD0F01FB13571950D,Pardubice-Rosice n.L.,
/CBB3491C491BBBD043DF1D93C90D320D,Pardubice-Rosice n.L.,
/B8B92F0C4862D7AEB4D4FD805F315C92,Parking Brake - Brake,
/40CC3A3A495562B6DAF8F99498DD742E,Passenger Seat,
/2586F2D148616267CD15A29E04F25234,Permanent Traction Engines Cooling,
/11AED5E64C0A0A7802B871BB007FF5B9,Power,
/174A02834ACE95379D25A88C83E6EADA,Power +10%,
/2F5B74954E13D6F5F4E2329FA49B5C59,Power -10%,
/17423F4D48A1BF87C6512E80B6DA23C3,Pressed,
/DA6965B640E9FFC5D913A5884624D03B,Pressed,
/3A29912F4F71B7694B0353A01BBD8B58,Pushed,
/6A93369843FA7A2B0236C09D40D154B1,Pushed,
/785E584D49B7F176FF6DCF8723CFE780,Pushed,
/D2ECFB454E4BB5938AEA1386DF26EA6F,Pushed,
/BA70AF4444FD100978EAFE8EFBB6291C,"PŘEKROČ. MAX. RYCHLOST, volnoběh !",
/6C5808F24985FC14339506976A6465F1,"PŘEOTÁČKY, stop !",
/FCD105AF418A25810EA52B9E4B256B9F,"PŘEOTÁČKY, stop !",
/4AB5C23A412F88EDA73DB49031F2CEEA,PŘEPĚTÍ GENERÁTORU,
/55088A29417ACCF0A028B3A2228894F6,"PŘETÍŽENÍ EDB, volnoběh !",
/74B91E0340D4A0C6021B12BC62858905,R,
/CE3ED71D4877DD61A1DCB3B90B10C148,R,
/FB263C8049E1AD0F3DD0FCBAEF341821,R / Next,
/2BA01FC14ECF83B20E24AE835E4B9F58,RIB1,
/33AC06054FB82A6199B9C6890F9E6ABC,RIB2,
/583B9F2A4EF718CF642DFA83EDD69F26,RPM Governor 1,
/FAE504E94A2312D00DDE5BAF777142EE,RPM Governor 2,
/B526E74449659902FE060C98F710FADA,RTO Door,
/475899C444B6B27842A2F491C8B2B936,RTO Lights,
/A45D2795439231AEC9D5238F5C7E6B03,RTO Window,
/FAF7EDBA4A60BEE16491ECA570692C1F,RTR Door,
/7DCA4D3A4A5F34C960563AB4EC12D062,Rear Headlights Bright,
/7E0C8BE94E48637ABB0EA4A9F9B9848F,Rear Headlights Bright,
/A52EE6984B2853ABBED626816AC5F9AC,Rear Headlights Bright,
/2201D6B24444512D835652A6AFF4AEA8,Rear Lights Off,
/A1C427CA4AAAA471A2035BB9A9A900DF,Rear Lights Off,
/C18DAC1E4A3E497A8CBBA98913E43628,Rear Lights Off,
/55E987FF496DCDC37B313187A2CEF968,Rear Signal Lights,
/60B6A80D4CFFFBEFECE2F6BBF545AD3D,Rear Signal Lights,
/7A1B6A5F4FB3F3D3371E479E39C2364D,Rear Signal Lights,
/4AC0FD304F25B9A8E46EAB8191B4F0DE,Red both,
/C9DEAA424291B2DAEC2D45884475468E,Red both,
/A2BCFE2B416B45802C6419A6B63E37E2,Red left,
/DCB4483042A33C9AB13E62906885CBBA,Red left,
/A19D9D484E457881574F8294A0BD9A75,Red right,
/F3C67138499CD1DB280CB2AA5839AE08,Red right,
/041B2A924685D624DF8707914954827C,Reduced,
/B7DAA9A74591106C721D33931451EC96,Reduced,
/40D8815F4042173E8EA5DFABC55203E7,Regulator,
/6EBF76C94A64ECFBAFD15DB833AD1CF4,Regulator,
/9FDD771D4ECE6060F895F88B8673B1EC,Regulator Input Signals,
/2408A49947E0C96FCB8D2C9C27EA8851,Release,
/47D748A245D0EC27CD6291B731F51031,Release,
/77D5EAB6435ED069DC71E09AD325E8A3,Retract,
/133BD706484E8220E3F899AAB0E92AF0,Reverser,
/CF1718784088F5A016CE9D977F070497,Reverser,
/C66E38DB4156B5C01B676FA911ED7BA2,Reverser needs to be in D position to start an engine.,
/D16A4EF94CD66F685229A380C9766065,Reverser needs to be set to P or Z position to drive.,
/588A6E7D4EC9CD3F26867F806776D628,Right,
/7D1692BD47F18234E2C2B2882B6A845D,Right,
/492225CE4D0670EBC7A96AB0BFB658B4,Rozdíl hodnot Iso,
/1179F35D47447878228E7B92C510CE2B,RucBv,
/C4167BEB4286AFA53227C8B43A5847F9,Rucb,
/9CCD92204F7A13D5564E7DB397C879B7,Rychnov u Jabl. n. N.,
/5A45C2334A923518357D9EA918DAF7D4,Rychnov u Jabl. n. n.,
/8C9ECB4E4AA417290F5B71B2CADD1F34,Rychnov u Jabl. n. n.,
/A9CAE03A47739A512343328BCD6888BC,S,
/BD0620844E51D57D23286093ACFBA6B9,SA50,
/7532D4D34450269F9028B592C2300C96,SKL1,
/E4B809E14DC8115588CE40BCA9D756CB,SKL2,
/312EC84A4BE5FD2A428EC2845ADE2771,SKLUZ,
/9309C2B34FACF2B18637E294F13E5A16,SMER,
/501ED79546805403D23182B3B2917C35,Safety System,
/6D9F7824485BA31285265589C68445E4,Sander,
/C526F853499A158DDA357DB6FBD295BC,Sander,
/D106B8C24B23C2656FC746972E27D5E1,Second Man Seat,
/083688D54F3BBEF2B3967886BBF9D052,Second Man Seat Back Rest,
/17033F794AE6A65CDF5FE29EC8192220,Second Man Seat Back Rest,
/1BC915A34317674842F16E8226DD73D7,Secondman,
/A1E6B2A44661BAA5FACA49AD1B74378A,Secondman,
/9B87EFCC46182C840929E887090111A8,Semily,
/3526F5FC4FED0BA86B38A791568287C7,Set Speed,
/DEA12D3D4243E4BCEA600ABF0F697393,Set Speed,
/80769E084BDB134E048B89939AE90513,Show Next Order,
/218FA05243AF49DF2C57E1A3B6732892,Signal Lights,
/FE00F9D44F280C71FB93BBA2BF6194B9,Signal Lights,
/990D7D9B41BF8C4F3069E580A4A6A1E5,Signal Lights Back,
/9B300F304884155E2ABD3E95B6119D8F,Signal Lights Back,
/E0A193F24FBD74114D7D279224B39C58,"Sit in Driver's Seat",
/8E004A1D4CA42AA826B0FAA57079A2DF,Sit in Seat,
/70DD9C2A4C5759C3CDA7F587F700F21B,"Sit in Second Man's Seat",
/849443D1471F2C532440469FDB172E61,"Sit in Second Man's Seat",
/E7A5099E46ED33D4DC7A41BD0F2F0C5C,Slave,
/2DC2198D4DC68AB1A281259F14927221,Speed +5 km/h,
/AA963C404496B8FE439E3E90C2397DD1,Speed -5 km/h,
/235F510D4F45800961A1BF9EA58159A8,Speedometer,
/FD1B8B1F4BC72EFAD2D6DFA5EE01E472,Start,
/3780CF9B44E0547FDBE4168D96E409E6,Stará Paka,
/66EA2708477B315A58992D83EEB85437,Stará Paka,
/0B5DEA9245FEF2F214CECA99C30D6545,Stuha:,
/6E791E814CC1BC5EE775A9AC6F8246B3,Suspension test,
/B7D89A2145E0BB73223F8D971C8361AD,TEPL. OLEJ > 125C,
/6B25C1A140C947CBEA654082D1D8A887,TEPL. VODY > 105C,
/73F75AFF49254A596B9F768EAEDCAE9F,TEPL. VODY > 105C,
/D62F49ED405692E7DCDA24B04B5F2129,"TLAK OLEJE, stop !",
/DF38B4E048F27219F9AC529F2408F208,TLAK ZA ROZVADĚČEM,
/27A317A747DDDF3F3EF145BB3D8128D0,TOL1,
/A2F089CB4A7C021966E30389822ABE1F,TOL2,
/59FADCF549B1DAACCD8A8E886C5BEDDE,TRS,
/E8245A684DCB7EC4F52ACCA54516E0E8,TVO1,
/3AA037E34B5ADA27F39FC7944172914E,TVO2,
/2238C4344A01AF835B56E28E2BB0652C,Throttle And Brake,
/E2FA0CF547EEADD7A90D04B18EF68BF1,Throttle And Brake,
/67EAFB5A4C58062903647AA714EE3CC6,Toggle EOTD,
/13AE46FA4106DD5EC3C1A5895447C858,Toggle Open/Close,
/52D233E34226C77C053DDBB45416CAC1,Toggle Open/Close,
/6872015B4B58C140A16DFB9ABA2E27C1,Toggle Open/Close,
/6CD565BD4D6A0A811116678631CB1969,Toggle Open/Close,
/88ED91A442A2CC5E149745837E4230BE,Toggle Open/Close,
/C9EF46884E83265D47E7829F0E238147,Toggle Open/Close,
/EC342BC5419F153C0F738E9B8B33B4BC,Toggle Open/Close,
/F9A3682947724FCAA9751CA5229C532C,Toggle Open/Close,
/658E0B6947F28E9EF504FB843DDA121A,Toggle sign,
/91FA34C34535E34F8E565394D439FB83,Toggle sign,
/0BC1183643B85A3781D5188BDEE7DAFF,Toilet Control Block,
/7A78CCE3477FE1C1E56FA48E02B7E00C,Toilet Water Heating,
/1F7709AC4A8DFF00F31689BA2E6C9F5B,Traction Engine Ventilation,
/3D4B5DE14B85D1FBB673EDB56D6674CE,Traction Engine Ventilation,
/54C70E9A4CE9C3E60194F3980BC1263B,Traction Engine Ventilation,
/9395E3004B16CE98BA31C786FB839C99,Traction Engine Ventilation,
/25DDAD9E410B5BFCE40E2F9C3D0D88B9,Train Lights Off,
/5BD260814E193989DD605ABDEB54ADCD,Train Lights Off,
/676C4E9B4684C63C990011ACB0D44EAE,Train Lights Off,
/02DCCA4848B8B9E54F3921B2E0248896,Train Lights On,
/4655666F4CBB296BB9784EACCBB81AB5,Train Lights On,
/7A9E299B40C051B73925C1AEE28BF143,Train Lights On,
/ECC4672B412BAC5F2C475AB3A57C274E,Train heating shutdown,
/16D4DBF34BBEACCF930F1CBF20FD2992,Train length counter,
/D86E28BA47BA9418F3ABF096F983A2E0,Train tempering,
/F134A94A47AD07F588A147AD826C2C76,Tune the correct radio to receive additional points. The correct radio settings are: ,
/168687464D9B619FC9E960AD207C4F70,Turnov,
/BACBDAEE4A520509D1F44CA2C7F240E9,Turnov,
/51D41AD041F1FBC9EBDFB6AB3DAD15E6,Two or more driver cabins are activated in the train.,
/834C1B39487A130E594DA594818D5312,UTAŽENÁ RUČNÍ BRZDA,
/493FADCB4A893A6CE794CB9297970DCC,UTAŽENÁ RUČNÍ BRZDA VLAKU,
/06F9B02F40A67C666D6F4C944CFCF3E8,UTR,
/663453234D6566A2CA022C861BA85371,Unlock All Doors,
/FA446BEA465F64AE47A1D887A8371051,Unlock All Doors,
/936CB82B4D4C25B9392CDCA4847D3E0E,Unlock Left Side Doors,
/D1C5CE8B43D368217D567896B0346692,Unlock Left Side Doors,
/403897B44DE40AFD8EE9C8AC3D4B1174,Unlock Right Side Doors,
/C6A036BC49DD5F6FC9380FA5A273D2E1,Unlock Right Side Doors,
/1670F956465E7457C9CDE78B5432C383,Up,
/E4CCAEAE411EEE9BA5FE689665A45C08,Up,
/CD005E4242205E242AF645B0B9543DAB,Used a Cab Door,
/7F97BA514D92F3AC4BE28B932E6625FF,Used the Cab Light,
/4EAE9BF04624DC15AE36A1B24B5854AB,Used the Door Selector,
/98AE24234A0B71A626E97DBF889392A0,Used the Headlights,
/BFB47E98450592F6C0AC21A31E8CD6D2,Used the Horn,
/CCD1B1314E4FFBDFDA81709CA6EA0CA3,Used the Power and Brake Handle,
/D40815004F1E40D98527A6825B4F65DC,Used the Reverser,
/E7482F0F48E7F09795FA599FC55E43E4,Used the Window Wipers,
/F08FD80C41FE528153912C831EA6C4E2,V,
/7C4D9839439685FD4073BF972285237D,VOLNÝ KANÁL,
/CBF51E8D474A4DB7971FE3BF50C1EF3D,Valve,
/F0B7DD9449807134DE47C99A2208EE65,Valve,
/F64539D846C66BFBB593B0B7DE50F5C2,Valve,
/BE11ECE24AD253E82EF8BA9244BF0B5D,Valve Heating,
/0306C83E4420E147CD792EB3CA1DE91D,Vigilance Button,
/313A18884F3FA79123386ABD9A697A66,Vigilance Button,
/6BB5043C4481E604909893B36DE74B0C,Vigilance Button,
/A19C32B94B45FB34E398D0BAFA468EE0,Vigilance Button,
/A48DFDD847BFE623078526A0FC868C8F,Vigilance Button,
/F80E8B7D49138E48E5A6E68903A49E37,Vigilance Button,
/ACE56A62446D164ADDB580949855C68C,Visual information system,
/049F6ABC4F9147D9F03D8A895215BFCA,Voice information system,
/326CFC1A43B77C5985AD1AA48D9C60EA,Vp=0,
/3B1D94C346D9D1FB8DF3FDB587270283,Warning. Instance already exists for page {Page},
/02C359344409C6DFD16077BE9DD4E9DC,Warning. Service instance not valid for page {Page},
/0D4E6CD043D51D9EC035CEBC55EDB90A,Washer,
/DF9A81674DF027B6D4E690A56DDC2E87,Water Level Signalization,
/EF34AA9041AC12A75D3358B26A29378C,"Water temperature above 105 degrees, engine needs to cool down.",
/6288BD6E455161F37DB39CBB072B2936,Wheel lubrication test,
/150E7622447C87C2409EB99F673AAB50,Whistle,
/897D69154AA5680133328695597D81B3,Whistle,
/4DCCBE93418F2D36FAEB368545BD3B24,White both,
/3FC6B7F04211F739EF16138B60F87CBE,White one,
/3F45183B4535FDF54264FFA20025C51B,Window,
/F36E4C3647F4EA12FF1C9EAC321A96F6,Windshield heating,
/20808459403FE97BD9B918B85AA89E80,Wiper,
/5487DBC44FC8AF679718049DC6344F54,Wiper,
/713E24B641B95F36C3D2FBAF3FA31603,Wiper,
/C7FB709C421A9CCDD71AB888A53147E0,Wiper,
/B3FB231042ACC0FF18BFA6A364D73EA1,"Wipers, Washers",
/0744289549101DFB14E3A2B73A62CAE1,X (Hold),
/0ACCB20246821162E00C21A0CCCAF69D,You can change the language of the paper note by clicking on it.,
/D61FF8384EB9B893D19A4B8CE636CF6E,You need to close the doors before driving.,
/EDB3ABFD4F43DF906035668E13768585,You need to deactivate another cab and activate this one before proceeding with this operation.,
/B0B5E3EB46F081152401C8B743879093,You need to select which engine to start.,
/CE35E2E2415D125D74C9D1944D0DC132,ZABRZDĚNO PŘÍDAVNOU,
/452A94A64D721581FE3AF7887172247D,ZANESENÝ VZD. FILTR,
/EB033F214D5071D1E549EE96B32CA5CB,ZAST. n. ZNAM. žádost,
/A1BBF4874C5A2675DE1B4990B828472A,ZKA1,
/8E60474B4F6D6E50B0A2CCBCE6059BE5,ZKA2,
/FE87CA0046612AFC1FD6468F4B565213,ZKI1,
/46E231D941707EF7A9DB8585601B61FF,ZKI2,
/946FE3E74A29EE5FA1CEA994DC953629,ZKU1,
/AAAB43CE4C8234FB51DA98AC554DFDE8,ZKU2,
/E623406544506129917324AEF106367C,ZMĚNA KONF. link. UIC,
/D71F2F14450B3A5831DC7191644F3300,ZNZ,
/097A5749473092A40B3A7EB6481A5645,____,
/1609912F4391FC4543D090864C585E75,____,
/1B8F38014B68C4BA773EC49ABAE4CDC3,____,
/29C6306A45808CE39103B2AF9D9C513B,____,
/394F90EB488B851456E9109CAA1EA61A,____,
/68CD06F84B6AAED426B6CCB6CADF4AB9,____,
/6DD31D6A4820E097DD1C959E139DFCFF,____,
/7F4387C14FB555A960A5B6A99C9E6A14,____,
/D33733084AE0A6BE28CC42A1C911F18E,____,
/EABABDD542923579553DB6B928D41A00,____,
/204F167641169A04179AC3AC4ED668BC,dISO,
/EC8FB2704C38EE43F1FD9388C5FB6438,kUIC,
/450DA2FF4A2B091CB767AD847D64E498,kor. TEPLOTA SÁNÍ,
/7527C12F48C5C1FA35CB088F69AA843C,kor. TLAK OLEJE,
/5842695D42015CCA87B4CAB9C8EFE8C6,t r v a*,
/4D3355114F0BFBD44AEE6A917DE829C7,tAS,
/28B0AC19497F672A1F857CBC738995E7,tBCS,
/3E73A7804796B97EB2A871B1CB744003,tHS,
/91FCAD624BF02F6A2E02F6AD83D11549,tRzS,
/392206244E9BF3954B4ED990716D4C4A,x,
/31750581491556CDDF10E8AC250055CF,{Tertiary},
/596A929741FF994B6421C2AC3A0CF6B7,{Tertiary},
/5A6A7CC14935FC90465DB2ADB4A24657,{Tertiary},
/66564E8D4ED5DB742E7769890649AF83,{Tertiary},
/6C9B736843837C17B9F68C9597D900D3,{Tertiary},
/F616597A4CC248BB52A2CA9513A5C156,{Tertiary},
/8F79D07A4BFED3A9418DECB65668EB83,Železný Brod,
/DB205B4147B8B44F0B7763A12AE8A440,Železný Brod,
